{
  "youtube": "https://www.youtube.com/channel/UCetmFc7aGzgsm_kRJcTVasw",
  "facebook": "https://www.facebook.com/alimentostiasonia",
  "phone": "",
  "doc_number": "ALIMENTOS TIA SONIA LTDA - CNPJ: 08.385.685/0002-24 © 2019 Todos os direitos reservados",
  "whatsapp": "(77) 9 9907-4455",
  "instagram": "https://instagram.com/tiasoniaoficial/",
  "twitter": "",
  "address": "Rua Professora Francisca, 78, Vitória da Conquista, BA",
  "pinterest": "",
  "email": "ecommerce@tiasonia.com.br",
  "linkedin": "https://www.linkedin.com/company/alimentostiasonia/"
}