{
  "description": {
    "title": "",
    "text": ""
  },
  "links_1": {
    "list_pages": true,
    "title": "Informações",
    "list": []
  },
  "links_2": {
    "list_categories": true,
    "title": "Categorias",
    "list": []
  },
  "contacts": {
    "title": "Contatos",
    "phone_wpp": true,
    "email": true,
    "socials": true
  },
  "stamps": [
    {
      "src": "/img/uploads/ssl-safe-1-.png",
      "alt": "Secure connection"
    },
    {
      "src": "/img/uploads/tiasonia-produto-organico-1-.png",
      "alt": "Produto Orgânico"
    },
    {
      "src": "/img/uploads/selo-vegano.png",
      "alt": "Produto Vegano"
    },
    {
      "src": "/img/uploads/GoogleSafeBrowsing.png",
      "alt": "Google Safe Browsing",
      "link": "http://www.google.com/safebrowsing/diagnostic?site=www.emporiotiasonia.com.br"
    },
    {
      "src": "/img/uploads/NortonSafeWeb.png",
      "alt": "Norton Secure",
      "link": "https://safeweb.norton.com/report/show?url=www.emporiotiasonia.com.br"
    },
    {
      "src": "/img/uploads/eu-reciclo-1.png",
      "link": "https://legacy.eureciclo.com.br/sobre-nos",
      "alt": "Selo Tia Sônia Eureciclo"
    }
  ],
  "payment_methods": {
    "bb": false,
    "visa": true,
    "boleto": true,
    "aura": false,
    "banrisul": false,
    "elo": true,
    "hipercard": true,
    "hsbc": false,
    "bradesco": false,
    "santander": false,
    "mastercard": true,
    "paypal": true,
    "citibank": false,
    "hiper": true,
    "diners": false,
    "mais": false,
    "amex": true,
    "itau": false
  },
  "credits": "ALIMENTOS TIA SONIA LTDA - CNPJ: 08.385.685/0002-24 © Todos os direitos reservados"
}