{
  "meta_title": "Empório Tia Sônia | O Melhor Lugar para Você Comprar Granolas",
  "meta_description": "No Empório Tia Sônia você encontra os produtos da marca número 1 em granolas no Nordeste. Enviamos para todo Brasil. Aqui é o Melhor Lugar para Você Comprar Granolas. Faz bem mais feliz! ",
  "slider": {
    "autoplay": 9000,
    "slides": [
      {
        "img": "/img/uploads/semanafretegratis.jpg",
        "link": "https://www.emporiotiasonia.com.br/search",
        "alt": "Frete-Gratis"
      }
    ]
  },
  "pitbar": false,
  "showcase": [
    {
      "collection": "5e76376d7e655246148916c9"
    },
    {
      "collection": "5d09311d24607a6a42d714ca"
    },
    {
      "collection": "5dfb92855cdf932a9836d9ac"
    }
  ],
  "additional_content": "<div class=\"ml-form-embed\"\n  data-account=\"1184030:r4h1t6y8d5\"\n  data-form=\"1703292:y6j4v6\"></div>"
}