{
  "title": "Contato",
  "date": "2019-10-09T16:03:11.003Z",
  "meta_title": "Emporio Tia Sonia - Contato",
  "meta_description": "Contato",
  "pitbar": false,
  "body": "**COMUNICADO**\n\nDevido ao período que estamos enfrentando, o contato para informações sobre pedidos mudou. Agora você pode falar diretamente através do canais abaixo:\n\n**Whatsapp:** (77) 9 9907-4455 | **E-mail:** ecommerce@tiasonia.com.br\\\nAtendimento ao cliente das 08:00 ás 12:00 / 14:00 ás 18:00 de segunda a sexta-feira.\\\nSábado: 08:00 ás 12:00.\n\n**Endereço:**\\\nRua Professora Francisca Santos, 78, Boa Vista. CEP 45.026-415 | Vitoria da Conquista - BA\n\n**Seja nosso Parceiro**\\\n[Venha fazer parte da família Tia Sônia](http://www.tiasonia.com.br/pt-br/parceiro)\n\n**Trabalhe Conosco**\\\n[Venha fazer parte mais feliz](http://www.tiasonia.com.br/pt-br/contato)\n\nALIMENTOS TIA SONIA LTDA - CNPJ: 08.385.685/0002-24"
}