{
  "title": "Condições de entrega",
  "date": "2019-12-06T17:39:17.830Z",
  "meta_title": "Condições de entrega - Empório Tia Sônia",
  "meta_description": "Condições de entrega",
  "pitbar": false,
  "body": "<p>A promoção de Frete Grátis é por tempo limitado e pode ser alterada sem aviso prévio. Informe seu CEP na página do produto para verificar se a promoção está ativa para sua cidade.</p>\n\n<hr>\n<p><span style=\"font-weight: bold;\">Rastreamento&nbsp;</span><br></p><p>Você pode rastrear seu pedido a qualquer momento depois que ele for enviado. Acesse seu pedido diretamente no menu MEUS PEDIDOS após fazer o Login na sua conta é só clicar em rastrear entrega;<br><br>Consulte a situação da entrega do objeto postado nos Correios: <a href=\"http://www2.correios.com.br/sistemas/rastreamento/default.cfm\" target=\"_blank\">Ver nos correios. </a></p><p><span style=\"font-weight: bold;\">Atenção!</span><br>Alguns pedidos podem ser enviados via Transportadora mesmo que o método de envio escolhido na hora do pedido tenha sido Correios.<br><br>Esse processo é feito para garantir uma <span style=\"font-weight: bold;\">entrega mais rápida</span>. Entretanto, algumas transportadoras não possuem um código de rastreamento. Sendo assim, caso necessite verificar o status da entrega, entre em contato com a nossa equipe.<br><br><br><span style=\"font-weight: bold;\">Entrega <br><br></span>O prazo é calculado de acordo com o CEP fornecido e encontra-se na finalização do seu pedido, logo abaixo do endereço de entrega.<br><br><span style=\"font-weight: bold;\">*O prazo de entrega pode variar em função da faixa de CEP.</span><br>A data do pedido não conta para o cálculo do prazo de entrega, e sim a data da confirmação do pagamento. <br>Os prazos para confirmação de pagamento são: cartão em até 02 (dois) dias úteis, boleto bancário e transferência online em até 02 (dois) dias úteis.<br><br>Esta contagem de confirmação se dará após a data de pedido. <br>As datas de entrega são uma estimativa, e podem haver pequenos atraso devido aos fatores externos tais como chuvas em excesso, áreas de risco extremo e zonas rurais.<br><br>Serão realizadas até 3 tentativas de entregas, e caso nenhuma delas tenha sucesso a sua encomenda poderá ficar aguardando retirada em uma agência perto de você.<br><br>Se não tivermos estoque disponível para entrega do produto, você será comunicado por telefone pelo nosso pessoal de atendimento ao Cliente.</p><p>Em caso de retorno da encomenda ao remetente, por não preenchimento do endereço e/ou informações insuficientes, o reenvio será por conta do destinatário de forma integral.</p>\n          </div></div>"
}