{
  "title": "Dúvidas frequentes",
  "date": "2019-10-09T20:27:29.716Z",
  "meta_title": "Dúvidas frequentes - Empório Tia Sonia",
  "meta_description": "Dúvidas frequentes",
  "pitbar": false,
  "body": "<blockquote><b> Qual forma de Envio?</b></blockquote><p>Enviamos para Todo Brasil Via Correios. <a href=\"https://www.emporiotiasonia.com.br/pages/entrega\" target=\"_blank\">Clique aqui </a>para ver as Promoções de Frete.</p><blockquote><b>A Loja Virtual é Confiável?</b></blockquote><p><a href=\"https://certificados.trustvox.com.br/emporiotiasonia\" target=\"_blank\">Clique e confira</a> depoimentos de nosso clientes.</p><blockquote><b>Qual a Forma de Pagamento?</b></blockquote><p>Boleto e Cartão de Crédito (parcelamento pode conter juros)</p>\n\n<blockquote><b>Por que meu CUPOM não funciona?</b></blockquote><p>Verifique as regras do CUPOM de desconto. Os descontos não são cumulativos com outras promoções da loja virtual.</p>"
}