{
  "title": "Sobre nós",
  "date": "2019-12-19T02:07:54.257Z",
  "meta_title": "História da Empresa Tia Sônia",
  "meta_description": "Sobre nós",
  "pitbar": false,
  "body": "<blockquote style=\"text-align: center; line-height: 1.5;\">\nTia Sônia não é apenas uma personagem criada para ilustrar a marca de uma linha de produtos naturais. Ela é gente de verdade. Uma mãe dedicada e cuidadosa e dona de uma ótima receita de granola caseira.</blockquote>\n<div style=\"text-align: center;\"><img src=\"/img/uploads/d-sonia-ola-eu-sou-a-tia-sonia-1500px.png\r\" style=\"width: 895px;\"></div>\n<div style=\"line-height: 1.5;\"></div>\n<div style=\"line-height: 1.5;\"><br>Quando seu filho mais novo, Marcos, resolveu percorrer as famosas trilhas de Machu Pitcchu no Peru, Dona Sônia ficou preocupada em relação à alimentação e colocou em prática a receita de granola caseira que fazia de vez em quando.</div>\n<div style=\"line-height: 1.5;\"><br></div>\n<div style=\"line-height: 1.5;\">Como toda mãe que se preze, Dona Sônia é cuidadosa e protetora e por isso acabou exagerando na dose, produzindo nada menos que 6 quilos do produto. Como se tratava de muito peso, Marcos distribuiu parte da granola entre amigos locais que provaram e aprovaram o produto.</div>\n<div style=\"line-height: 1.5;\"><br></div>\n<div style=\"line-height: 1.5;\">Na volta da excursão, alguns dos amigos de Marcos em especial André Coelho e Edson Malaca insistiam perguntando pela granola da Tia Sônia e Marcos respondia: “Minha mãe so faz a granola de vez em quando”. Ate que em um bate papo entre estes amigos André insiste para que Marcos faça o produto para vender . Este e o momento da criação da Granola Tia Sônia que conhecemos hoje. </div>\n<div style=\"line-height: 1.5;\"><br></div>\n<div style=\"line-height: 1.5;\">Convencido a transformar aquilo em um produto comercial Marcos toma 40 reais da própria mãe para comprar os ingredientes, pede a tia Sônia que faça com ele a primeira receita, embala em potinhos de plástico de 200g e corre atrás da clientela. Os primeiros consumidores foram os amigos mais próximos depois os pequenos mercados e daí para os dias de hoje foi muita historia…</div>\n<div style=\"line-height: 1.5;\"><br></div>\n<div style=\"line-height: 1.5;\">O cuidado com a produção, o critério na escolha dos fornecedores e o carinho da Mãe Sônia fez com que o negócio prosperasse, saindo da cozinha para uma garagem e depois uma fábrica própria. <span style=\"font-weight: bold;\">Hoje, mais de 17 anos depois, Tia Sônia é marca de qualidade em mais de 50 produtos de alimentação saudável e natural.</span></div>\n<div style=\"line-height: 1.5;\"><span style=\"font-weight: bold;\"><br></span></div>\n<div style=\"line-height: 1.5;\"><span style=\"font-weight: bold;\">Nossa Missão:</span></div>\n<blockquote style=\"line-height: 1.5;\">\nDesenvolver e produzir alimentos saudáveis e seguros, preservando nossa receita tradicional de amor, sabor e qualidade.</blockquote>\n<div style=\"line-height: 1.5;\"><span style=\"font-weight: bold;\">Nossa Visão:</span><br></div>\n<blockquote style=\"line-height: 1.5;\">\nPromover a melhoria da qualidade de vida das pessoas, ampliando o acesso à alimentos saudáveis.</blockquote>\n<div style=\"line-height: 1.5;\"><span style=\"font-weight: bold;\"><br></span></div>\n<div style=\"line-height: 1.5;\"><span style=\"font-weight: bold;\"><div style=\"text-align: center;\"><a href=\"http://www.tiasonia.com.br\" target=\"_blank\" style=\"background-color: rgb(252, 252, 252);\">Clique aqui e Confira mais sobre os Alimentos Tia Sônia em nosso site institucional</a></div>\n</span></div>\n<div style=\"line-height: 1.5;\"><br></div>"
}