{
  "title": "Termos de serviço",
  "date": "2019-12-19T02:12:26.920Z",
  "description": "",
  "meta_title": "Termos de serviço - Tia Sônia",
  "meta_description": "Termos de serviço",
  "pitbar": false,
  "body": "<p>É possível trocar ou devolver um produto adquirido no Empório Tia Sônia em até 7 (sete) dias corridos, a contar da entrega da sua compra. <br></p>\n<p>Aceitamos a desistência da compra do produto quando não há violação do lacre da embalagem do produto ou evidências de uso. O processo de restituição por desistência da compra será iniciado após o recebimento do produto em nosso centro de distribuição e confirmação de suas condições.<br><br>Caso não haja indícios de uso, providenciaremos a troca por outro produto, cancelamento da compra junto à operadora de seu cartão de crédito ou restituição da quantia paga pelo mesmo. <br><br>Toda troca ou devolução deve ser comunicada através do E-mail ecommerce@tiasonia.com.br para que possamos fornecer instruções detalhadas sobre o processo.</p>\n\n**Sobre Cupom de Desconto:** O valor do desconto não é cumulativo com outras promoções ou cupom de desconto, o sistema acatará automaticamente o desconto que for maior."
}