{
  "title": "Trocas e devoluções",
  "date": "2019-12-19T02:11:48.917Z",
  "meta_title": "Trocas e devoluções - Empório Tia Sônia",
  "meta_description": "Trocas e devoluções",
  "pitbar": false,
  "body": "<p>É possível trocar ou devolver um produto adquirido no Empório Tia Sônia em até 7 (sete) dias corridos, a contar da entrega da sua compra. <br></p>\r\n<p>Aceitamos a desistência da compra do produto quando não há violação do lacre da embalagem do produto ou evidências de uso. O processo de restituição por desistência da compra será iniciado após o recebimento do produto em nosso centro de distribuição e confirmação de suas condições.<br><br>Caso não haja indícios de uso, providenciaremos a troca por outro produto, cancelamento da compra junto à operadora de seu cartão de crédito ou restituição da quantia paga pelo mesmo. <br><br>Toda troca ou devolução deve ser comunicada através do E-mail ecommerce@tiasonia.com.br para que possamos fornecer instruções detalhadas sobre o processo.</p>"
}